core-node_cpu,core-node_latency_s,core-node_mem,edge-node-a_cpu,edge-node-a_latency_s,edge-node-a_mem,edge-node-b_cpu,edge-node-b_latency_s,edge-node-b_mem,elapsed_s,throughput_records_per_s,total_records_failed,total_records_received
0.96,0.0042,8.1,2.0,0.0039,15.9,4.46,0.0102,16.2,0.0,0.0,0,5554
0.96,0.0042,8.1,2.0,0.0039,15.9,2.04,0.0046,16.2,1.15,1.0,0,5555
0.96,0.0042,8.1,8.7,0.0051,15.9,2.04,0.0046,16.2,2.16,1.0,0,5556
0.96,0.0042,8.1,8.7,0.0051,15.9,2.04,0.0046,16.2,3.17,0.0,0,5556
5.52,0.0356,8.1,2.75,0.0338,15.9,2.04,0.0046,16.2,4.19,2.0,0,5558
5.52,0.0356,8.1,2.75,0.0338,15.9,2.04,0.0046,16.2,5.21,0.0,0,5558
5.52,0.0356,8.1,0.75,0.0026,15.9,4.5,0.0041,16.12,6.22,2.0,0,5560
5.52,0.0356,8.1,0.75,0.0026,15.9,4.5,0.0041,16.12,7.26,0.0,0,5560
5.52,0.0356,8.1,0.85,0.0031,15.9,4.5,0.0041,16.12,8.27,1.0,0,5561
0.82,0.0036,8.1,0.85,0.0031,15.9,4.5,0.0041,16.12,9.29,1.0,0,5562
0.82,0.0036,8.1,0.8,0.0038,15.9,4.5,0.0041,16.12,10.3,1.0,0,5563
0.82,0.0036,8.1,0.8,0.0038,15.9,0.84,0.0039,16.1,11.36,1.0,0,5564
0.82,0.0036,8.1,5.25,0.006,15.9,0.84,0.0039,16.1,12.37,1.0,0,5565
0.82,0.0036,8.1,5.25,0.006,15.9,0.84,0.0039,16.1,13.4,0.0,0,5565
4.8,0.0029,8.1,6.6,0.0043,15.9,0.84,0.0039,16.1,14.43,2.0,0,5567
4.8,0.0029,8.1,6.6,0.0043,15.9,5.24,0.0045,16.1,15.44,1.0,0,5568
4.8,0.0029,8.1,1.55,0.0034,15.9,5.24,0.0045,16.1,16.46,1.0,0,5569
4.8,0.0029,8.1,1.55,0.0034,15.9,5.24,0.0045,16.1,17.48,0.0,0,5569
4.8,0.0029,8.1,1.0,0.0037,15.9,5.24,0.0045,16.1,18.5,1.0,0,5570
1.4,0.0567,8.1,1.0,0.0037,15.9,5.24,0.0045,16.1,19.51,1.0,0,5571
1.4,0.0567,8.1,1.0,0.0035,15.9,1.14,0.004,16.1,20.52,2.0,0,5573
1.4,0.0567,8.1,1.0,0.0035,15.9,1.14,0.004,16.1,21.55,0.0,0,5573
1.4,0.0567,8.1,0.8,0.0038,15.9,1.14,0.004,16.1,22.64,1.0,0,5574
1.4,0.0567,8.1,0.8,0.0038,15.9,1.14,0.004,16.1,23.76,0.0,0,5574
5.26,0.0405,8.1,11.6,0.004,15.9,1.14,0.004,16.1,24.78,2.0,0,5576
5.26,0.0405,8.1,11.6,0.004,15.9,5.68,0.0042,16.1,25.8,1.0,0,5577
5.26,0.0405,8.1,2.25,0.0295,15.9,5.68,0.0042,16.1,26.82,1.0,0,5578
5.26,0.0405,8.1,0.25,0.0039,15.9,5.68,0.0042,16.1,27.83,1.0,0,5579
1.2,0.0057,8.1,0.25,0.0039,15.9,5.68,0.0042,16.1,29.69,1.0,0,5580
1.2,0.0057,8.1,1.0,0.0073,15.9,1.1,0.0198,16.1,30.75,2.0,0,5582
1.2,0.0057,8.1,1.0,0.0073,15.9,1.1,0.0198,16.1,31.79,0.0,0,5582
1.2,0.0057,8.1,10.5,0.0157,15.9,1.1,0.0198,16.1,32.8,1.0,0,5583
1.2,0.0057,8.1,10.5,0.0157,15.9,1.1,0.0198,16.1,33.85,0.0,0,5583
5.82,0.0203,8.1,3.7,0.015,15.9,1.1,0.0198,16.1,34.88,2.0,0,5585
5.82,0.0203,8.1,3.7,0.015,15.9,6.16,0.0104,15.9,35.89,1.0,0,5586
5.82,0.0203,8.1,2.0,0.0044,15.9,6.16,0.0104,15.9,36.92,1.0,0,5587
5.82,0.0203,8.1,2.0,0.0044,15.9,6.16,0.0104,15.9,37.95,0.0,0,5587
5.82,0.0203,8.1,1.5,0.0101,15.9,6.16,0.0104,15.9,38.98,1.0,0,5588
2.24,0.0094,8.1,1.5,0.0101,15.9,6.16,0.0104,15.9,40.01,1.0,0,5589
2.24,0.0094,8.1,2.5,0.0046,15.9,2.22,0.0045,16.1,41.07,2.0,0,5591
2.24,0.0094,8.1,2.5,0.0046,15.9,2.22,0.0045,16.1,42.08,0.0,0,5591
2.24,0.0094,8.1,7.15,0.0075,15.9,2.22,0.0045,16.1,43.16,1.0,0,5592
2.24,0.0094,8.1,7.15,0.0075,15.9,2.22,0.0045,16.1,44.21,0.0,0,5592
4.76,0.004,8.1,3.4,0.0041,15.9,2.22,0.0045,16.1,45.23,2.0,0,5594
4.76,0.004,8.1,3.4,0.0041,15.9,4.62,0.0034,16.1,46.27,1.0,0,5595
4.76,0.004,8.1,2.45,0.0109,15.9,4.62,0.0034,16.1,47.31,1.0,0,5596
4.76,0.004,8.1,2.45,0.0109,15.9,4.62,0.0034,16.1,48.34,0.0,0,5596
2.14,0.0069,8.1,1.65,0.0115,15.9,4.62,0.0034,16.1,49.42,2.0,0,5598
2.14,0.0069,8.1,1.65,0.0115,15.9,4.62,0.0034,16.1,50.43,0.0,0,5598
2.14,0.0069,8.1,1.15,0.0132,15.9,2.2,0.0207,16.1,51.47,2.0,0,5600
2.14,0.0069,8.1,1.15,0.0132,15.9,2.2,0.0207,16.1,52.51,0.0,0,5600
2.14,0.0069,8.1,7.05,0.0044,15.9,2.2,0.0207,16.1,53.52,1.0,0,5601
4.92,0.0045,8.1,7.05,0.0044,15.9,2.2,0.0207,16.1,54.53,1.0,0,5602
4.92,0.0045,8.1,3.95,0.0406,15.9,4.92,0.0074,16.1,55.62,2.0,0,5604
4.92,0.0045,8.1,1.5,0.0026,15.9,4.92,0.0074,16.1,56.65,1.0,0,5605
4.92,0.0045,8.1,1.5,0.0026,15.9,4.92,0.0074,16.1,57.67,0.0,0,5605
4.92,0.0045,8.1,1.25,0.0055,15.9,4.92,0.0074,16.1,58.69,1.0,0,5606
1.88,0.004,8.1,1.25,0.0055,15.9,4.92,0.0074,16.1,59.7,1.0,0,5607
